timestamp	input	error	error_code	url	place_id	place_name	country	address	review_id	reviewer_name	reviews_by_reviewer	photos_by_reviewer	reviewer_url	local_guide	review_rating	review	review_date	number_of_likes	response_of_owner	response_date	photos	review_details	profile_pic_url	place_general_rating	overall_place_riviews	questions_answers	fid_location	category	cid
2025-11-04T06:48:40.604Z	{'url': 'https://www.google.com/maps/search/?api=1&query=%E9%A2%A8%E3%81%AE%E6%B5%B7%20%E5%B1%B1%E5%8F%A3%E7%9C%8C', 'days_limit': 1825}			https://www.google.com/maps/search/?api=1&query=%E9%A2%A8%E3%81%AE%E6%B5%B7					Ci9DQUlRQUNvZENodHljRjlvT2pOdFRERldOazVRT1ZOeVpGQkpObEZvWXpSb1NYYxAB	政章（夕焼）	11	13	https://www.google.com/maps/contrib/111720807864853443484/reviews?hl=en	TRUE	5	"線状降水帯で避難勧告の出ている中、両親の米寿で愛知県からの訪問でした。
子供の頃はマリンランドと言う名称でアイススケートリンクもあり良く利用した所だったのですが、全く変わっていました。
とても素敵なホテルで天気が良ければ景色も最高だろうと思います。
大浴場はなく、全室個室風呂ですが外を眺めて入浴出来ます。ただ、ガラス扉から水が脱衣所に漏れるのが気になりました。
食事はフグのテッサやローストビーフが最高でお酒もすすみました。
米寿の祝いを伝えると料理長が特別に寿の彫物をした赤カブを備えてシャンパンのサービスも頂きました。
機会があれば天気の良い時に再訪問したいです。
お世話になりました。"	2025-08-11T14:30:05.419Z	0			['https://lh3.googleusercontent.com/a', 'https://lh3.googleusercontent.com/b']	[{'title': 'Rooms', 'value': '5'}, {'title': 'Service', 'value': '5'}, {'title': 'Location', 'value': '5'}]		4.5	240				
2025-11-04T06:48:41.604Z	{'url': 'https://www.google.com/maps/search/?api=1&query=%E9%A2%A8', 'days_limit': 1825}								Ci9DU0FNUExFMDAwMl9zZWNvbmRfcmV2aWV3X2lkX3Rlc3RfMDIudGVzdBAB	田中 花子	3			FALSE	3	"部屋からの眺めは良かったですが、食事の提供が少し遅かったです。
接客は丁寧でした。"	2025-07-02T09:12:00.000Z	1				[{'title': 'Service', 'value': '4'}]		4.5	240				
